userid,condition,rating
0,1,5
0,11,5
0,15,3
0,24,2
0,29,3
0,35,4
0,2,2
0,22,5
0,27,2
0,36,3
0,39,4
0,12,2
0,26,3
0,40,4
0,43,4
0,48,4
0,4,1
0,8,3
0,9,3
0,13,4
0,16,3
0,23,3
0,32,2
0,37,3
0,41,4
0,44,5
0,11,5
0,15,4
0,17,3
0,24,2
0,38,4
0,45,4
0,49,2
0,10,4
0,18,4
0,22,4
0,27,2
0,36,3
0,39,4
0,42,2
0,6,5
0,25,4
0,26,3
0,43,4
0,4,1
0,8,4
0,9,3
0,32,2
0,41,3
0,47,2
0,11,5
0,15,3
0,45,4
0,2,2
0,7,3
0,19,3
0,22,4
0,31,3
0,34,2
0,36,3
0,39,4
0,46,4
0,6,5
0,12,1
0,25,4
0,26,2
0,30,3
0,40,4
0,43,4
0,48,4
0,9,3
0,21,2
0,1,5
0,5,3
0,24,2
0,38,5
0,50,1
0,2,2
0,7,3
0,19,3
0,31,4
0,34,2
0,46,5
0,14,5
0,25,4
0,33,4
0,48,4
0,8,5
0,9,3
0,16,4
0,21,2
0,23,3
0,32,3
0,41,4
0,44,4
0,47,4
1,1,5
1,11,5
1,15,3
1,17,3
1,28,2
1,29,2
1,35,4
1,38,3
1,45,2
1,49,2
1,2,2
1,7,3
1,10,4
1,18,3
1,19,2
1,27,1
1,31,2
1,34,4
1,39,3
1,42,2
1,6,4
1,14,4
1,20,4
1,25,3
1,26,2
1,30,2
1,40,3
1,43,2
1,48,2
1,4,1
1,8,4
1,9,1
1,13,4
1,23,3
1,37,2
1,44,2
1,47,2
1,1,5
1,5,4
1,11,5
1,17,3
1,24,1
1,28,2
1,35,1
1,38,3
1,45,4
1,50,1
1,2,2
1,7,3
1,18,2
1,19,3
1,22,3
1,27,2
1,31,3
1,34,4
1,46,4
1,3,4
1,6,4
1,12,2
1,14,4
1,25,3
1,26,4
1,33,3
1,40,2
1,43,4
1,4,1
1,9,2
1,13,4
1,16,3
1,32,2
1,37,2
1,41,2
1,44,2
1,47,1
1,1,4
1,15,3
1,17,2
1,24,2
1,28,2
1,29,3
1,35,3
1,38,3
1,45,4
1,50,1
1,2,1
1,18,3
1,19,3
1,22,3
1,27,1
1,31,2
1,34,2
1,36,2
1,39,3
1,42,2
1,6,3
1,12,3
1,14,4
1,20,4
1,25,3
1,30,3
1,33,3
1,40,3
1,43,3
1,48,1
1,4,1
1,8,3
1,9,2
1,13,2
1,16,3
1,21,1
1,23,2
1,32,1
1,37,3
1,41,2
1,44,2
1,47,2
1,1,5
1,5,3
1,11,5
1,15,3
1,17,2
1,28,3
1,29,2
1,35,3
1,38,4
1,45,3
1,49,2
1,2,2
1,18,3
1,22,4
1,27,1
1,31,2
1,34,1
1,36,2
1,39,3
1,46,4
1,12,1
1,20,4
1,25,4
1,26,3
1,33,2
1,40,4
1,43,5
1,48,4
1,4,1
1,8,4
1,9,3
1,13,4
1,16,3
1,21,2
1,23,3
1,32,2
1,37,3
1,47,4
2,15,2
2,28,2
2,29,3
2,35,3
2,38,3
2,49,1
2,10,3
2,27,1
2,26,2
2,40,3
2,48,2
2,4,1
2,9,2
2,37,2
2,44,1
2,11,5
2,17,2
2,24,1
2,38,2
2,45,3
2,22,3
2,27,1
2,34,3
2,42,2
2,46,3
2,3,3
2,12,1
2,25,3
2,40,3
2,4,1
2,32,2
2,37,1
2,41,4
2,47,2
2,11,4
2,15,2
2,19,4
2,31,3
2,36,3
2,39,4
2,12,1
2,14,4
2,20,4
2,25,4
2,26,3
2,30,2
2,33,2
2,40,4
2,43,3
2,9,2
2,41,3
2,1,5
2,15,2
2,38,3
2,2,2
2,22,2
2,12,1
2,33,3
2,48,3
2,8,3
2,21,2
2,37,2
2,41,3
2,44,2
3,5,3
3,11,4
3,15,2
3,24,1
3,28,2
3,35,4
3,38,3
3,50,1
3,2,2
3,19,3
3,22,3
3,31,2
3,34,2
3,39,3
3,42,2
3,46,1
3,3,4
3,6,4
3,12,2
3,26,3
3,30,2
3,33,2
3,43,4
3,4,1
3,8,3
3,21,2
3,23,2
3,37,3
3,41,3
3,44,2
3,15,3
3,17,2
3,29,2
3,38,3
3,10,5
3,18,3
3,27,1
3,36,2
3,39,2
3,6,3
3,26,3
3,30,3
3,33,2
3,43,4
3,48,2
3,9,2
3,16,2
3,21,2
3,23,3
3,47,2
3,5,5
3,17,2
3,24,3
3,29,2
3,45,3
3,49,2
3,2,2
3,7,2
3,10,5
3,19,4
3,22,5
3,27,3
3,31,2
3,34,3
3,36,3
3,39,4
3,42,3
3,46,3
3,3,4
3,6,3
3,30,3
3,40,5
3,48,1
3,21,2
3,32,1
3,44,3
3,47,2
3,1,5
3,11,5
3,24,1
3,28,3
3,38,4
3,45,4
3,10,5
3,18,5
3,19,5
3,31,2
3,42,2
3,46,4
3,3,5
3,6,5
3,14,5
3,25,4
3,30,3
3,33,4
3,48,3
3,4,1
3,8,4
3,9,1
3,16,3
3,21,3
3,32,1
3,47,3
4,35,3
4,50,2
4,36,1
4,4,1
4,16,3
4,37,2
4,38,3
4,49,3
4,30,2
4,8,3
4,21,1
4,40,1
4,7,4
4,3,3
4,30,2
5,1,4
5,5,2
5,11,2
5,15,1
5,17,2
5,24,1
5,28,2
5,38,3
5,45,2
5,49,1
5,50,1
5,7,3
5,10,4
5,18,3
5,19,4
5,31,3
5,34,4
5,36,1
5,39,2
5,42,2
5,46,1
5,3,3
5,6,4
5,14,5
5,20,4
5,26,1
5,30,2
5,40,2
5,8,4
5,9,2
5,13,2
5,16,2
5,21,2
5,23,1
5,32,2
5,41,4
5,44,2
5,5,3
5,11,3
5,15,2
5,24,1
5,28,3
5,35,1
5,45,2
5,49,1
5,50,1
5,2,1
5,7,3
5,10,4
5,18,2
5,31,1
5,46,3
5,3,2
5,6,3
5,14,4
5,20,4
5,26,1
5,30,3
5,33,3
5,40,3
5,8,4
5,9,2
5,16,2
5,21,2
5,23,2
5,37,2
5,44,1
5,47,1
5,1,3
5,5,3
5,15,2
5,17,2
5,24,1
5,29,2
5,35,2
5,38,3
5,45,4
5,49,2
5,50,1
5,2,2
5,7,2
5,10,3
5,18,3
5,19,4
5,22,3
5,27,1
5,31,4
5,34,1
5,36,1
5,39,4
5,42,3
5,46,3
5,6,4
5,12,1
5,20,5
5,33,2
5,43,2
5,48,1
5,4,1
5,8,4
5,13,3
5,16,3
5,21,1
5,23,2
5,32,2
5,37,2
5,44,2
5,47,1
5,1,5
5,5,4
5,11,5
5,15,3
5,17,2
5,24,3
5,28,2
5,29,3
5,35,3
5,38,5
5,45,3
5,49,1
5,50,1
5,7,4
5,18,4
5,27,1
5,34,1
5,36,1
5,39,3
5,42,3
5,46,3
5,3,4
5,6,5
5,12,1
5,14,5
5,20,3
5,26,2
5,30,2
5,33,2
5,40,3
5,43,3
5,4,1
5,8,4
5,9,4
5,13,3
5,16,3
5,23,2
5,47,1
6,1,3
6,17,2
6,24,3
6,28,2
6,29,2
6,45,2
6,49,1
6,2,2
6,7,2
6,18,4
6,19,3
6,22,2
6,27,2
6,31,2
6,34,2
6,39,3
6,12,2
6,14,3
6,30,2
6,40,4
6,48,1
6,9,2
6,13,3
6,21,1
6,5,3
6,17,1
6,35,1
6,2,1
6,10,3
6,18,2
6,27,1
6,36,1
6,39,3
6,46,2
6,3,2
6,6,2
6,14,3
6,25,3
6,33,2
6,9,3
6,16,3
6,47,3
6,5,3
6,15,2
6,17,1
6,35,3
6,45,2
6,49,1
6,50,1
6,7,1
6,19,4
6,27,2
6,39,3
6,42,2
6,6,2
6,12,1
6,20,2
6,30,2
6,33,2
6,43,2
6,48,2
6,4,1
6,8,4
6,9,2
6,16,2
6,21,2
6,23,2
6,44,2
6,47,3
6,5,3
6,28,3
6,29,1
6,35,2
6,50,1
6,18,4
6,19,4
6,34,2
6,42,1
6,6,2
6,20,4
6,26,2
6,40,4
6,48,2
6,4,2
6,9,3
6,21,2
6,23,3
7,24,1
7,29,2
7,18,2
7,27,1
7,6,4
7,40,2
7,48,2
7,9,2
7,32,2
7,44,2
7,17,3
7,10,3
7,27,1
7,42,2
7,25,2
7,16,2
7,11,3
7,15,2
7,17,2
7,24,2
7,29,2
7,35,1
7,7,3
7,36,2
7,42,2
7,12,2
7,26,2
7,30,3
7,43,4
7,9,2
7,23,2
7,32,2
7,47,2
7,1,5
7,11,5
7,38,3
7,45,4
7,50,1
7,20,3
7,26,2
7,48,3
7,21,2
7,41,1
7,44,2
8,34,2
8,30,2
8,34,2
8,42,1
8,12,1
8,11,4
8,26,2
8,41,3
8,44,3
8,18,3
8,22,3
8,4,1
8,37,2
8,41,4
8,44,2
9,15,3
9,24,2
9,29,3
9,45,2
9,27,2
9,34,3
9,39,4
9,6,4
9,14,4
9,26,4
9,30,3
9,40,4
9,43,3
9,48,2
9,9,3
9,41,2
9,5,5
9,15,3
9,17,1
9,29,3
9,35,1
9,2,3
9,7,2
9,10,5
9,18,4
9,27,3
9,42,1
9,25,4
9,43,4
9,48,2
9,9,2
9,16,3
9,11,3
9,15,4
9,17,2
9,7,1
9,18,4
9,31,1
9,42,2
9,46,3
9,3,3
9,6,3
9,12,3
9,26,4
9,30,3
9,43,4
9,48,1
9,4,2
9,8,4
9,9,3
9,16,4
9,44,1
9,47,4
9,24,3
9,29,3
9,49,2
9,50,1
9,10,3
9,18,4
9,27,4
9,31,1
9,39,4
9,14,5
9,25,4
9,33,4
9,40,4
9,48,3
9,4,3
9,8,4
9,21,5
9,32,1
9,41,2
9,44,1
10,11,4
10,15,3
10,17,2
10,29,4
10,35,4
10,49,2
10,50,2
10,7,2
10,18,4
10,19,4
10,27,2
10,31,3
10,34,3
10,39,4
10,14,4
10,20,4
10,26,4
10,30,4
10,48,3
10,4,2
10,8,4
10,23,3
10,37,3
10,44,2
10,47,3
10,1,4
10,17,2
10,35,3
10,38,4
10,2,2
10,7,2
10,18,4
10,19,4
10,27,2
10,34,4
10,42,2
10,46,4
10,3,3
10,12,2
10,14,4
10,25,4
10,26,4
10,30,4
10,33,3
10,9,4
10,13,4
10,16,3
10,21,3
10,44,2
10,11,4
10,17,2
10,28,3
10,35,4
10,38,4
10,50,2
10,2,2
10,18,4
10,22,3
10,27,2
10,31,3
10,34,3
10,36,2
10,42,2
10,6,3
10,20,4
10,26,3
10,30,4
10,33,4
10,40,4
10,48,3
10,9,4
10,16,3
10,23,3
10,41,3
10,44,2
10,47,3
10,28,3
10,29,4
10,35,4
10,38,4
10,49,3
10,18,4
10,22,3
10,27,3
10,36,2
10,39,3
10,46,4
10,3,3
10,20,4
10,26,3
10,30,4
10,33,4
10,43,4
10,48,3
10,4,2
10,8,4
10,16,3
10,21,3
10,37,3
10,41,3
10,44,2
10,47,3
11,1,5
11,5,2
11,11,3
11,17,1
11,24,2
11,29,2
11,35,4
11,38,3
11,7,1
11,10,3
11,18,2
11,19,3
11,22,3
11,27,1
11,31,2
11,34,3
11,36,2
11,39,2
11,46,5
11,3,3
11,12,2
11,20,3
11,30,3
11,33,2
11,43,5
11,48,3
11,4,1
11,8,3
11,13,4
11,16,4
11,23,2
11,37,2
11,44,1
11,47,3
11,1,3
11,28,2
11,29,2
11,38,4
11,49,1
11,50,1
11,7,2
11,10,4
11,18,3
11,19,3
11,36,2
11,39,2
11,6,3
11,14,4
11,25,3
11,26,2
11,33,2
11,40,2
11,43,4
11,48,4
11,8,4
11,9,2
11,13,4
11,16,4
11,23,2
11,37,1
11,44,1
11,17,1
11,28,2
11,35,3
11,38,3
11,45,2
11,50,1
11,2,2
11,7,1
11,10,4
11,18,4
11,22,3
11,27,1
11,34,5
11,36,2
11,42,1
11,3,3
11,6,3
11,40,4
11,48,4
11,9,2
11,21,3
11,23,1
11,44,2
11,47,1
11,1,5
11,5,5
11,15,3
11,17,2
11,28,1
11,35,2
11,38,4
11,49,1
11,50,1
11,7,1
11,10,3
11,18,3
11,19,3
11,27,1
11,31,2
11,34,5
11,36,2
11,39,3
11,46,3
11,12,1
11,20,2
11,25,4
11,26,2
11,43,5
11,4,1
11,9,1
11,13,5
11,16,3
11,23,2
11,32,1
11,47,4
12,1,4
12,15,2
12,24,2
12,29,2
12,35,2
12,38,3
12,49,1
12,2,2
12,18,2
12,27,1
12,34,2
12,36,2
12,6,4
12,20,3
12,26,1
12,30,2
12,40,3
12,43,2
12,48,2
12,4,1
12,8,3
12,9,1
12,13,3
12,16,3
12,32,2
12,37,2
12,41,3
12,44,1
12,47,1
12,1,4
12,15,2
12,17,2
12,28,1
12,38,2
12,49,1
12,50,1
12,7,3
12,10,4
12,19,3
12,22,1
12,27,1
12,42,2
12,46,4
12,3,3
12,6,3
12,20,4
12,25,3
12,26,2
12,43,4
12,4,1
12,8,3
12,13,1
12,16,3
12,32,1
12,41,2
12,44,2
12,11,3
12,15,2
12,17,2
12,28,1
12,35,2
12,38,3
12,45,3
12,2,2
12,7,3
12,18,3
12,22,2
12,31,2
12,36,3
12,42,3
12,46,4
12,12,1
12,20,4
12,25,3
12,26,1
12,30,2
12,33,3
12,40,3
12,43,3
12,9,1
12,21,2
12,23,2
12,44,3
12,47,3
12,5,4
12,17,2
12,24,2
12,38,3
12,49,2
12,50,1
12,7,2
12,18,3
12,27,1
12,31,3
12,34,3
12,36,3
12,39,3
12,14,4
12,20,4
12,25,3
12,26,1
12,33,3
12,43,4
12,48,3
12,4,1
12,8,3
12,9,2
12,13,3
12,16,3
12,21,2
12,23,2
12,32,3
12,41,3
12,44,2
13,11,4
13,15,2
13,17,2
13,24,1
13,35,2
13,7,5
13,10,3
13,22,3
13,34,3
13,12,2
13,14,4
13,25,3
13,26,1
13,30,2
13,40,2
13,4,1
13,8,3
13,9,2
13,21,1
13,23,1
13,32,2
13,37,1
13,17,2
13,35,1
13,38,3
13,2,1
13,7,3
13,10,4
13,27,1
13,31,2
13,34,3
13,36,1
13,39,2
13,6,5
13,12,2
13,14,4
13,26,2
13,40,2
13,37,1
13,1,4
13,5,3
13,15,2
13,45,4
13,49,2
13,50,1
13,2,1
13,7,4
13,18,3
13,22,4
13,31,2
13,34,2
13,12,2
13,30,2
13,40,3
13,43,4
13,13,3
13,16,2
13,21,1
13,37,1
13,41,3
13,44,5
13,15,2
13,29,2
13,35,2
13,49,2
13,50,1
13,18,2
13,19,3
13,22,5
13,27,1
13,39,2
13,42,2
13,46,3
13,6,4
13,12,2
13,33,1
13,48,3
13,4,2
13,8,3
13,9,1
13,16,2
13,21,1
13,37,2
13,47,2
14,1,4
14,5,2
14,24,2
14,45,2
14,10,3
14,22,2
14,36,2
14,42,2
14,46,1
14,3,3
14,12,1
14,33,2
14,40,3
14,43,1
14,9,3
14,13,3
14,16,2
14,21,3
14,41,2
14,5,2
14,11,3
14,15,3
14,17,2
14,24,2
14,28,2
14,29,3
14,45,3
14,49,1
14,50,1
14,10,3
14,22,1
14,27,1
14,31,2
14,36,1
14,39,3
14,6,3
14,20,4
14,40,3
14,43,3
14,48,1
14,4,1
14,8,4
14,23,2
14,32,3
14,37,2
14,41,3
14,47,2
14,1,4
14,5,3
14,15,2
14,24,1
14,29,3
14,45,2
14,49,1
14,7,2
14,10,4
14,19,3
14,39,3
14,46,3
14,3,4
14,12,1
14,14,4
14,25,3
14,30,3
14,43,4
14,4,2
14,8,3
14,13,2
14,21,3
14,32,2
14,37,2
14,5,4
14,15,3
14,17,3
14,24,1
14,45,3
14,50,1
14,2,2
14,7,3
14,10,4
14,19,3
14,31,3
14,34,2
14,42,2
14,6,4
14,12,1
14,14,4
14,25,4
14,40,4
14,48,3
14,9,2
14,13,3
14,21,3
14,23,2
14,32,2
15,1,4
15,15,2
15,17,2
15,24,1
15,35,1
15,45,2
15,49,2
15,50,1
15,7,3
15,19,2
15,31,2
15,36,1
15,39,2
15,20,2
15,26,2
15,43,2
15,4,1
15,8,2
15,13,2
15,16,2
15,21,1
15,32,2
15,37,2
15,41,2
15,44,2
15,47,2
15,1,5
15,5,3
15,15,2
15,17,2
15,38,2
15,49,2
15,7,4
15,10,2
15,18,2
15,19,2
15,27,2
15,34,1
15,42,2
15,46,2
15,3,3
15,12,1
15,14,3
15,26,2
15,30,2
15,33,2
15,43,2
15,8,2
15,9,2
15,13,2
15,21,1
15,44,2
15,5,3
15,11,3
15,24,1
15,28,2
15,29,2
15,38,2
15,49,1
15,50,2
15,2,2
15,7,3
15,18,2
15,22,4
15,27,1
15,31,2
15,36,2
15,46,3
15,6,4
15,20,3
15,26,2
15,30,2
15,33,2
15,40,2
15,48,1
15,4,1
15,8,2
15,32,2
15,41,2
15,1,5
15,5,3
15,11,5
15,24,1
15,28,1
15,35,2
15,38,2
15,45,3
15,49,1
15,50,1
15,7,3
15,22,3
15,27,2
15,31,2
15,34,1
15,36,1
15,39,2
15,42,2
15,3,3
15,6,5
15,14,3
15,25,2
15,30,2
15,33,2
15,40,2
15,43,3
15,48,2
15,8,2
15,16,2
15,21,2
15,23,1
15,32,2
15,37,2
15,41,2
15,44,2
16,15,3
16,45,2
16,49,1
16,50,2
16,42,2
16,14,5
16,25,3
16,26,3
16,40,2
16,9,2
16,21,3
16,41,3
16,5,5
16,11,4
16,15,3
16,17,3
16,24,1
16,35,1
16,45,3
16,2,3
16,22,5
16,27,1
16,31,2
16,34,4
16,42,3
16,46,4
16,3,4
16,12,1
16,30,2
16,21,3
16,32,2
16,41,3
16,47,2
16,1,5
16,5,4
16,11,4
16,15,2
16,24,2
16,29,3
16,49,3
16,19,4
16,31,2
16,39,4
16,46,5
16,12,1
16,20,4
16,25,4
16,26,3
16,30,2
16,33,2
16,43,5
16,4,2
16,8,4
16,13,4
16,16,4
16,32,2
16,37,3
16,41,4
16,11,5
16,24,2
16,29,3
16,45,5
16,22,5
16,42,3
16,3,4
16,6,5
16,14,5
16,30,2
16,33,3
16,40,4
16,48,4
16,8,4
16,21,4
16,37,2
16,41,3
16,44,3
17,5,2
17,11,3
17,29,1
17,2,2
17,10,4
17,18,2
17,22,3
17,27,1
17,34,2
17,42,2
17,46,2
17,3,2
17,6,4
17,12,1
17,14,3
17,30,1
17,40,2
17,48,2
17,9,2
17,23,1
17,11,3
17,24,1
17,28,1
17,29,1
17,35,1
17,45,3
17,50,1
17,2,1
17,22,3
17,31,1
17,36,1
17,39,2
17,6,5
17,20,4
17,25,2
17,40,2
17,48,1
17,4,1
17,16,2
17,23,1
17,32,1
17,37,1
17,41,3
17,47,1
17,1,5
17,15,2
17,17,1
17,35,2
17,45,4
17,10,4
17,19,3
17,34,1
17,39,2
17,42,3
17,3,2
17,12,1
17,25,2
17,43,3
17,9,1
17,13,3
17,16,2
17,21,2
17,23,1
17,37,2
17,44,4
17,47,2
17,15,2
17,17,2
17,29,2
17,2,2
17,10,4
17,18,2
17,19,2
17,46,3
17,12,1
17,20,3
17,26,2
17,4,1
17,9,2
17,13,3
17,47,2
18,15,2
18,26,2
18,8,3
18,22,4
18,26,2
18,4,1
18,32,1
18,41,2
18,2,2
18,22,3
18,31,2
18,25,2
18,33,2
18,8,3
18,16,4
19,1,5
19,11,5
19,15,2
19,17,3
19,24,2
19,29,4
19,35,3
19,49,3
19,50,1
19,7,4
19,10,4
19,18,5
19,19,4
19,27,1
19,31,4
19,36,2
19,39,4
19,14,4
19,26,2
19,40,4
19,43,3
19,48,3
19,4,1
19,8,4
19,9,3
19,13,4
19,16,3
19,23,3
19,37,3
19,47,2
19,1,5
19,5,3
19,17,4
19,28,2
19,29,3
19,35,1
19,38,3
19,49,1
19,50,1
19,2,2
19,7,5
19,10,5
19,18,4
19,19,4
19,22,4
19,27,2
19,31,3
19,34,3
19,46,5
19,3,3
19,12,1
19,14,5
19,20,4
19,25,4
19,26,2
19,30,3
19,33,3
19,40,4
19,43,4
19,48,1
19,4,1
19,8,4
19,9,2
19,13,3
19,16,3
19,21,2
19,32,2
19,37,3
19,41,4
19,47,2
19,1,5
19,15,3
19,17,4
19,28,2
19,35,4
19,50,1
19,2,1
19,7,5
19,18,4
19,19,4
19,22,2
19,27,1
19,31,4
19,34,3
19,39,4
19,42,4
19,3,3
19,6,4
19,12,1
19,20,5
19,25,4
19,30,3
19,33,4
19,40,4
19,43,5
19,48,3
19,4,1
19,8,4
19,9,3
19,13,4
19,16,3
19,23,3
19,37,3
19,41,4
19,47,2
19,5,4
19,15,3
19,17,4
19,28,2
19,29,3
19,35,2
19,49,4
19,50,1
19,7,4
19,10,5
19,22,4
19,27,3
19,31,4
19,34,3
19,39,2
19,46,4
19,3,3
19,12,1
19,20,5
19,25,4
19,26,4
19,30,3
19,33,4
19,40,4
19,48,4
19,8,5
19,13,5
19,16,3
19,21,2
19,23,3
19,32,2
19,37,3
19,47,3
20,29,3
20,35,3
20,27,1
20,40,2
20,43,1
20,48,2
20,4,1
20,9,2
20,37,2
20,17,2
20,38,3
20,22,4
20,27,2
20,34,3
20,42,2
20,12,2
20,25,3
20,43,3
20,4,1
20,32,2
20,41,3
20,11,5
20,15,3
20,12,1
20,25,4
20,26,3
20,30,2
20,40,4
20,43,4
20,9,2
20,41,3
20,22,5
20,31,3
20,25,4
20,48,4
20,21,3
20,32,3
20,37,3
20,41,4
20,44,3
21,5,4
21,17,1
21,24,2
21,35,3
21,7,2
21,10,4
21,19,3
21,22,3
21,31,2
21,34,2
21,39,3
21,46,3
21,3,3
21,12,1
21,25,3
21,30,2
21,40,3
21,43,2
21,4,2
21,8,4
21,9,2
21,21,2
21,32,2
21,37,3
21,41,3
21,47,3
21,1,5
21,15,3
21,28,2
21,38,2
21,7,1
21,10,4
21,18,3
21,19,3
21,22,3
21,31,2
21,34,2
21,36,2
21,39,2
21,12,1
21,14,2
21,20,4
21,26,2
21,33,2
21,40,3
21,43,3
21,9,3
21,13,3
21,23,1
21,32,1
21,37,1
21,41,1
21,1,4
21,5,5
21,15,3
21,28,3
21,49,2
21,50,2
21,2,2
21,7,2
21,10,5
21,18,3
21,22,2
21,27,2
21,46,2
21,6,3
21,12,1
21,25,3
21,40,3
21,43,3
21,48,1
21,13,4
21,37,2
21,41,3
21,44,2
21,15,4
21,17,2
21,24,1
21,28,3
21,35,3
21,49,1
21,18,3
21,19,4
21,22,3
21,27,2
21,31,2
21,39,2
21,42,2
21,6,3
21,12,3
21,14,4
21,25,4
21,4,2
21,13,4
21,16,3
21,32,1
21,37,2
22,11,5
22,24,2
22,23,2
22,32,2
22,10,2
22,34,3
22,12,1
22,7,2
22,34,2
22,41,4
22,22,2
22,46,4
22,37,2
22,47,4
23,5,2
23,11,4
23,15,3
23,10,4
23,46,1
23,3,5
23,20,2
23,26,2
23,40,4
23,43,1
23,8,4
23,9,2
23,23,2
23,41,3
23,44,2
23,11,4
23,15,2
23,17,3
23,24,2
23,28,2
23,45,4
23,50,1
23,7,5
23,22,5
23,27,1
23,31,3
23,34,2
23,42,4
23,12,1
23,20,4
23,26,2
23,40,4
23,43,3
23,4,1
23,23,2
23,32,3
23,37,3
23,41,4
23,44,2
23,1,5
23,11,4
23,15,2
23,38,2
23,2,1
23,10,4
23,18,3
23,22,5
23,31,4
23,34,2
23,36,2
23,46,5
23,12,1
23,14,4
23,25,4
23,26,3
23,30,3
23,43,4
23,13,4
23,37,3
23,41,4
23,1,5
23,15,2
23,17,4
23,24,2
23,38,3
23,49,2
23,2,2
23,22,5
23,27,2
23,31,4
23,36,2
23,39,3
23,46,4
23,12,2
23,14,5
23,25,4
23,33,3
23,43,5
23,48,5
23,8,3
23,13,3
23,16,4
23,21,2
23,32,2
23,37,2
23,41,4
23,44,4
23,47,4
24,1,4
24,5,4
24,28,2
24,29,3
24,38,3
24,49,1
24,50,1
24,18,3
24,19,3
24,27,1
24,31,3
24,36,1
24,39,4
24,46,1
24,3,4
24,6,4
24,20,4
24,40,3
24,43,1
24,48,2
24,9,3
24,13,3
24,16,2
24,41,4
24,44,1
24,47,2
24,1,4
24,5,3
24,11,4
24,15,2
24,24,1
24,28,2
24,29,3
24,45,2
24,49,2
24,50,1
24,18,4
24,19,4
24,22,3
24,42,3
24,46,3
24,3,4
24,20,4
24,25,4
24,30,4
24,33,3
24,43,2
24,48,1
24,4,1
24,8,4
24,9,2
24,13,2
24,16,3
24,21,2
24,23,1
24,32,2
24,41,3
24,44,3
24,47,1
24,11,5
24,15,2
24,17,3
24,24,2
24,28,3
24,29,3
24,35,4
24,38,3
24,10,4
24,19,4
24,27,1
24,36,2
24,39,3
24,42,3
24,46,4
24,3,4
24,6,4
24,12,2
24,14,4
24,20,4
24,25,5
24,26,2
24,33,2
24,43,4
24,48,3
24,4,1
24,8,4
24,9,3
24,23,3
24,32,2
24,47,2
24,1,5
24,5,4
24,11,5
24,17,3
24,24,3
24,28,3
24,38,5
24,45,3
24,7,4
24,10,5
24,31,3
24,34,4
24,36,4
24,3,4
24,14,5
24,20,5
24,25,5
24,26,1
24,30,5
24,40,5
24,43,5
24,13,3
24,23,4
24,32,3
24,41,5
24,44,4
25,1,5
25,5,5
25,11,5
25,17,2
25,24,1
25,28,2
25,29,2
25,35,3
25,38,3
25,49,1
25,50,1
25,7,2
25,10,4
25,18,3
25,19,4
25,22,3
25,27,1
25,31,2
25,34,2
25,36,2
25,39,2
25,46,1
25,3,4
25,6,4
25,12,2
25,14,5
25,20,4
25,25,3
25,30,2
25,33,2
25,40,2
25,43,1
25,48,2
25,4,2
25,9,2
25,13,2
25,16,4
25,23,2
25,32,2
25,37,2
25,41,3
25,44,1
25,47,1
25,1,5
25,5,5
25,11,5
25,15,3
25,17,3
25,24,1
25,28,2
25,29,2
25,35,1
25,38,2
25,45,3
25,49,2
25,2,3
25,7,4
25,10,4
25,18,3
25,19,3
25,27,2
25,31,2
25,34,3
25,36,2
25,39,3
25,46,3
25,3,4
25,6,4
25,12,1
25,14,4
25,25,3
25,30,3
25,33,1
25,40,3
25,43,4
25,48,2
25,8,3
25,9,3
25,13,3
25,16,2
25,21,2
25,23,2
25,37,2
25,44,1
25,47,1
25,1,4
25,15,3
25,17,3
25,28,2
25,35,3
25,38,2
25,45,4
25,50,1
25,7,3
25,10,4
25,18,4
25,19,2
25,27,2
25,34,2
25,36,2
25,39,3
25,42,3
25,46,4
25,3,4
25,6,4
25,12,3
25,14,4
25,20,5
25,30,3
25,33,2
25,40,3
25,43,4
25,48,1
25,4,1
25,8,3
25,9,2
25,13,4
25,16,3
25,21,3
25,23,2
25,37,2
25,41,3
25,44,3
25,47,2
25,1,5
25,5,5
25,15,3
25,17,4
25,24,2
25,28,3
25,29,3
25,35,3
25,38,4
25,49,2
25,50,1
25,7,4
25,10,4
25,18,3
25,19,3
25,22,5
25,27,2
25,31,2
25,34,2
25,36,2
25,39,3
25,46,4
25,3,4
25,12,2
25,14,5
25,20,4
25,25,4
25,26,3
25,30,3
25,40,4
25,43,5
25,48,4
25,4,1
25,9,2
25,13,5
25,21,3
25,23,2
25,32,2
25,37,1
25,47,5
26,1,5
26,5,2
26,11,3
26,15,2
26,17,2
26,24,2
26,35,2
26,7,5
26,18,3
26,19,3
26,22,3
26,31,3
26,39,2
26,42,2
26,46,1
26,3,3
26,12,1
26,20,3
26,25,3
26,26,2
26,33,2
26,40,2
26,43,1
26,4,1
26,9,2
26,13,3
26,23,2
26,37,2
26,5,2
26,11,3
26,17,2
26,24,1
26,29,2
26,38,3
26,45,2
26,10,3
26,18,3
26,27,1
26,31,2
26,34,2
26,36,1
26,39,2
26,42,2
26,12,1
26,14,3
26,33,2
26,43,2
26,48,1
26,9,2
26,23,1
26,44,2
26,47,1
26,1,4
26,11,3
26,15,1
26,24,1
26,29,2
26,35,2
26,38,2
26,50,1
26,7,4
26,10,3
26,19,3
26,27,2
26,31,3
26,34,2
26,39,2
26,3,3
26,6,5
26,12,1
26,26,2
26,30,2
26,40,2
26,43,2
26,48,2
26,4,1
26,8,3
26,13,2
26,23,1
26,32,2
26,37,1
26,41,3
26,5,3
26,28,2
26,35,2
26,45,3
26,50,1
26,10,3
26,19,3
26,22,4
26,31,2
26,34,1
26,36,1
26,46,3
26,20,3
26,25,3
26,26,2
26,33,2
26,40,2
26,43,3
26,48,3
26,8,3
26,21,1
26,23,2
26,32,3
26,37,2
26,41,3
26,44,2
26,47,3
27,11,5
27,35,3
27,10,4
27,4,3
27,21,2
27,23,3
27,37,2
27,17,2
27,38,3
27,22,5
27,27,2
27,40,4
27,32,1
27,37,2
27,41,3
27,5,5
27,49,3
27,34,4
27,25,3
27,30,3
27,40,5
27,15,4
27,42,4
27,46,5
27,6,5
27,12,2
27,48,4
27,21,4
27,47,4
28,5,3
28,24,2
28,50,1
28,22,4
28,36,3
28,46,1
28,3,5
28,12,1
28,33,2
28,16,3
28,21,2
28,32,2
28,41,3
28,15,1
28,29,1
28,49,1
28,10,3
28,36,2
28,39,4
28,42,3
28,30,1
28,48,2
28,8,3
28,21,2
28,23,3
28,5,3
28,11,4
28,49,2
28,7,5
28,10,3
28,46,2
28,3,3
28,26,3
28,24,2
28,50,1
28,7,4
28,10,4
28,19,2
28,42,3
28,3,4
28,6,5
28,14,4
28,30,2
28,41,3
28,44,3
29,1,5
29,50,1
29,34,3
29,30,2
29,43,2
29,8,4
29,13,3
29,26,2
29,30,2
29,43,3
29,16,2
29,21,1
29,17,2
29,2,1
29,22,4
29,42,3
29,44,5
29,47,2
29,5,4
29,18,3
29,31,2
29,34,1
29,3,3
29,25,5
29,30,4
29,4,1
29,16,2
29,23,2
29,32,3
30,5,5
30,11,5
30,17,3
30,24,2
30,45,2
30,7,4
30,18,2
30,19,3
30,22,4
30,31,1
30,36,1
30,39,2
30,46,2
30,3,3
30,12,1
30,14,4
30,33,2
30,16,3
30,21,2
30,23,2
30,41,2
30,47,3
30,1,5
30,5,4
30,15,3
30,28,1
30,29,2
30,35,2
30,49,3
30,50,1
30,2,3
30,10,4
30,18,3
30,19,2
30,31,1
30,36,1
30,39,2
30,14,5
30,33,1
30,48,2
30,8,3
30,9,1
30,13,3
30,23,1
30,1,5
30,5,4
30,24,1
30,28,2
30,29,1
30,35,2
30,49,3
30,50,1
30,7,4
30,10,2
30,27,1
30,34,2
30,46,4
30,3,4
30,6,5
30,48,3
30,4,1
30,8,2
30,13,3
30,16,3
30,23,1
30,32,1
30,37,2
30,11,5
30,17,3
30,24,1
30,28,2
30,29,2
30,35,2
30,45,5
30,50,1
30,7,4
30,10,4
30,19,3
30,42,2
30,46,3
30,6,5
30,14,5
30,20,4
30,26,3
30,40,2
30,13,3
30,47,4
31,5,4
31,17,3
31,24,2
31,29,2
31,35,3
31,38,3
31,45,2
31,50,1
31,7,3
31,10,3
31,22,5
31,27,1
31,36,2
31,46,2
31,3,4
31,6,4
31,12,2
31,14,4
31,25,3
31,43,2
31,48,3
31,4,1
31,8,3
31,16,3
31,21,3
31,32,2
31,37,2
31,44,2
31,47,2
31,1,4
31,5,5
31,17,3
31,35,2
31,38,3
31,49,2
31,2,3
31,10,5
31,19,4
31,22,4
31,27,1
31,31,2
31,36,2
31,39,3
31,14,5
31,25,3
31,26,2
31,30,2
31,40,3
31,43,3
31,4,1
31,8,3
31,13,3
31,16,2
31,21,2
31,23,2
31,32,2
31,37,2
31,41,3
31,1,5
31,5,4
31,17,3
31,24,2
31,28,2
31,29,3
31,49,3
31,50,2
31,2,3
31,7,3
31,10,4
31,22,4
31,36,3
31,42,3
31,25,3
31,30,3
31,40,3
31,4,2
31,8,3
31,9,3
31,13,4
31,16,4
31,32,2
31,37,3
31,47,2
31,1,5
31,11,5
31,15,3
31,29,3
31,35,3
31,38,4
31,45,4
31,50,1
31,7,3
31,19,3
31,31,3
31,42,3
31,3,4
31,6,5
31,12,3
31,25,4
31,30,3
31,40,3
31,48,5
31,16,4
31,21,3
31,32,2
32,5,5
32,11,4
32,17,1
32,28,2
32,45,2
32,50,1
32,7,1
32,10,5
32,19,4
32,22,2
32,31,1
32,39,4
32,46,2
32,3,3
32,12,1
32,14,4
32,33,2
32,40,3
32,9,3
32,21,1
32,23,2
32,5,4
32,11,4
32,24,1
32,29,3
32,35,1
32,45,3
32,2,2
32,18,4
32,31,2
32,34,3
32,36,2
32,39,2
32,12,1
32,14,4
32,30,2
32,33,1
32,40,4
32,48,1
32,9,2
32,21,1
32,23,1
32,37,1
32,47,1
32,1,5
32,5,5
32,15,3
32,24,2
32,29,3
32,49,2
32,50,1
32,10,5
32,19,5
32,27,1
32,34,2
32,39,3
32,3,3
32,6,2
32,12,1
32,14,4
32,43,4
32,48,2
32,4,1
32,8,4
32,13,3
32,16,2
32,32,3
32,37,2
32,41,2
32,11,5
32,15,2
32,28,3
32,29,4
32,35,3
32,45,4
32,2,2
32,10,5
32,19,4
32,22,1
32,42,3
32,46,4
32,3,5
32,6,4
32,12,1
32,30,5
32,40,4
32,37,2
32,47,3
33,5,2
33,17,1
33,24,2
33,29,2
33,49,1
33,7,1
33,10,3
33,19,2
33,22,2
33,27,1
33,31,2
33,36,1
33,39,2
33,46,1
33,3,3
33,12,1
33,14,2
33,40,2
33,43,1
33,48,1
33,9,1
33,16,2
33,47,2
33,1,4
33,5,2
33,29,2
33,35,1
33,49,1
33,2,2
33,7,2
33,10,4
33,18,2
33,19,3
33,31,1
33,34,1
33,36,1
33,39,2
33,42,1
33,46,1
33,3,2
33,12,1
33,14,3
33,25,2
33,33,1
33,40,3
33,43,3
33,48,1
33,8,2
33,9,1
33,13,2
33,23,2
33,37,1
33,47,1
33,1,4
33,11,3
33,15,1
33,28,2
33,50,1
33,7,2
33,10,3
33,18,2
33,19,2
33,27,1
33,39,2
33,3,2
33,6,3
33,12,1
33,20,3
33,26,1
33,33,1
33,43,2
33,48,1
33,4,1
33,8,2
33,9,1
33,13,3
33,16,2
33,37,2
33,41,2
33,15,2
33,28,3
33,29,2
33,35,1
33,49,2
33,50,1
33,7,2
33,10,3
33,19,2
33,22,2
33,27,1
33,31,1
33,39,2
33,12,1
33,25,3
33,40,2
33,32,1
33,37,1
33,41,2
33,44,1
34,1,5
34,5,3
34,11,4
34,15,2
34,17,2
34,24,2
34,28,2
34,29,2
34,35,2
34,38,3
34,49,2
34,50,1
34,2,2
34,7,4
34,10,4
34,18,3
34,19,3
34,22,2
34,27,1
34,31,2
34,34,2
34,36,2
34,39,2
34,42,2
34,46,1
34,3,3
34,6,4
34,12,1
34,14,4
34,25,3
34,26,2
34,30,2
34,33,2
34,40,4
34,48,2
34,4,2
34,8,4
34,9,2
34,13,3
34,16,2
34,21,2
34,23,2
34,32,2
34,37,2
34,41,2
34,44,2
34,47,2
34,1,4
34,11,3
34,15,2
34,17,2
34,24,2
34,29,2
34,35,1
34,38,3
34,45,2
34,49,2
34,2,2
34,7,3
34,10,5
34,18,3
34,19,3
34,22,2
34,27,1
34,31,2
34,34,2
34,36,2
34,39,3
34,42,2
34,46,3
34,3,3
34,6,4
34,12,1
34,14,5
34,25,3
34,26,2
34,30,2
34,33,2
34,40,3
34,48,2
34,8,4
34,9,2
34,13,3
34,16,3
34,21,4
34,23,2
34,32,2
34,37,3
34,41,2
34,47,1
34,1,5
34,5,3
34,11,3
34,15,2
34,17,2
34,24,1
34,28,2
34,29,3
34,35,3
34,45,3
34,49,2
34,50,2
34,2,3
34,7,3
34,10,4
34,18,3
34,19,4
34,22,3
34,27,1
34,31,2
34,34,1
34,36,2
34,39,3
34,42,3
34,46,4
34,3,3
34,6,5
34,12,1
34,14,4
34,20,4
34,25,3
34,26,2
34,30,3
34,33,3
34,40,3
34,43,4
34,48,1
34,9,2
34,13,3
34,16,3
34,21,2
34,23,3
34,32,2
34,37,2
34,41,2
34,44,3
34,47,3
34,1,5
34,5,4
34,11,5
34,15,3
34,24,1
34,28,2
34,29,3
34,35,3
34,38,3
34,45,4
34,49,2
34,50,1
34,2,2
34,7,3
34,10,4
34,18,3
34,19,4
34,22,2
34,27,1
34,34,1
34,39,2
34,42,3
34,46,4
34,3,4
34,6,5
34,12,1
34,14,4
34,20,5
34,26,2
34,30,3
34,33,3
34,48,3
34,4,1
34,8,3
34,9,2
34,16,4
34,21,2
34,23,2
34,37,2
34,41,2
34,44,3
34,47,3
35,1,4
35,43,1
35,13,2
35,6,4
35,43,2
35,45,3
35,21,1
35,5,4
35,31,1
35,34,1
35,25,2
35,9,1
35,23,1
35,32,1
36,15,2
36,29,4
36,19,5
36,22,3
36,27,1
36,31,3
36,12,2
36,26,2
36,40,4
36,48,2
36,9,3
36,41,4
36,44,3
36,15,2
36,31,4
36,36,1
36,39,4
36,42,3
36,25,5
36,33,2
36,1,5
36,11,5
36,15,1
36,27,1
36,31,3
36,36,2
36,46,5
36,12,2
36,26,2
36,43,5
36,9,3
36,13,5
36,37,2
36,1,5
36,24,1
36,28,2
36,38,3
36,19,5
36,14,5
36,33,4
36,8,4
36,41,4
36,44,4
37,1,4
37,5,4
37,11,5
37,17,3
37,28,2
37,35,3
37,38,3
37,49,2
37,50,2
37,2,2
37,7,3
37,10,4
37,18,4
37,19,4
37,22,4
37,31,3
37,36,2
37,46,3
37,3,4
37,12,2
37,20,4
37,40,4
37,4,1
37,8,3
37,9,3
37,13,3
37,16,3
37,21,3
37,23,3
37,37,1
37,44,3
37,47,3
37,1,5
37,11,5
37,17,3
37,24,2
37,28,2
37,38,3
37,45,3
37,49,2
37,50,1
37,19,4
37,22,3
37,27,2
37,31,3
37,34,4
37,36,2
37,39,3
37,46,5
37,3,3
37,6,4
37,12,3
37,14,4
37,20,4
37,26,3
37,30,3
37,33,3
37,40,3
37,4,1
37,8,3
37,13,4
37,21,3
37,23,3
37,32,3
37,37,3
37,41,3
37,44,3
37,47,2
37,1,4
37,5,4
37,15,2
37,24,2
37,28,3
37,29,3
37,35,4
37,38,3
37,45,3
37,49,3
37,50,2
37,2,3
37,10,4
37,19,3
37,22,4
37,27,2
37,34,3
37,36,2
37,39,3
37,12,2
37,14,4
37,20,3
37,25,3
37,30,3
37,33,3
37,40,3
37,43,5
37,13,4
37,21,2
37,23,3
37,32,2
37,37,2
37,41,4
37,1,5
37,5,5
37,11,5
37,15,3
37,17,3
37,28,4
37,35,3
37,38,4
37,45,4
37,2,2
37,7,3
37,19,3
37,22,5
37,34,2
37,36,2
37,42,3
37,46,4
37,3,4
37,6,4
37,12,2
37,20,5
37,26,3
37,30,3
37,43,5
37,48,3
37,9,2
37,13,4
37,16,3
37,21,3
37,23,3
37,37,2
37,47,4
38,34,4
38,30,2
38,43,3
38,6,5
38,43,4
38,45,4
38,21,3
38,44,3
38,18,3
38,31,2
38,25,3
38,4,2
38,9,1
38,32,1
39,29,1
39,49,1
39,50,1
39,2,2
39,10,3
39,27,2
39,34,5
39,36,2
39,14,3
39,30,2
39,40,2
39,48,2
39,8,2
39,9,2
39,16,4
39,21,2
39,41,2
39,44,1
39,47,4
39,1,5
39,15,3
39,28,2
39,35,2
39,49,1
39,50,1
39,2,2
39,7,1
39,19,1
39,22,2
39,46,3
39,3,5
39,6,3
39,25,2
39,26,3
39,30,2
39,40,1
39,8,3
39,13,2
39,16,3
39,21,3
39,32,1
39,37,2
39,41,2
39,5,5
39,15,1
39,17,1
39,28,2
39,45,2
39,49,1
39,2,2
39,18,3
39,22,1
39,36,1
39,42,1
39,46,2
39,12,5
39,20,3
39,25,2
39,33,3
39,43,5
39,9,2
39,16,2
39,21,3
39,44,1
39,47,5
39,1,5
39,15,4
39,17,1
39,24,1
39,29,2
39,38,3
39,49,1
39,7,1
39,18,2
39,27,2
39,39,2
39,42,1
39,3,5
39,6,1
39,12,5
39,14,3
39,30,1
39,4,1
39,9,1
39,13,4
39,16,3
40,5,5
40,15,3
40,45,2
40,19,4
40,31,3
40,36,2
40,46,1
40,3,4
40,20,5
40,25,3
40,26,2
40,40,4
40,8,5
40,9,2
40,16,4
40,5,4
40,11,4
40,24,1
40,28,2
40,45,2
40,49,1
40,50,1
40,31,2
40,34,3
40,12,1
40,20,4
40,26,3
40,33,2
40,8,4
40,23,2
40,44,2
40,1,5
40,15,3
40,38,3
40,2,2
40,10,5
40,22,2
40,27,2
40,31,3
40,12,1
40,43,5
40,4,2
40,8,4
40,13,4
40,37,2
40,41,4
40,17,3
40,28,3
40,2,2
40,7,4
40,22,3
40,36,3
40,33,3
40,40,4
40,43,5
40,8,3
40,13,5
40,16,4
40,37,2
41,1,4
41,17,3
41,28,2
41,45,2
41,49,2
41,7,3
41,10,3
41,42,2
41,14,3
41,25,3
41,13,4
41,41,2
41,47,3
41,1,5
41,5,4
41,15,3
41,17,3
41,35,3
41,2,3
41,19,3
41,22,3
41,27,2
41,31,2
41,42,2
41,46,4
41,3,4
41,14,4
41,40,3
41,4,1
41,13,3
41,32,3
41,37,2
41,41,2
41,47,3
41,1,4
41,11,5
41,24,2
41,28,3
41,29,3
41,50,2
41,19,3
41,39,4
41,46,4
41,20,4
41,25,4
41,26,3
41,30,3
41,33,3
41,4,2
41,8,3
41,13,4
41,16,3
41,32,2
41,37,4
41,5,5
41,11,5
41,15,4
41,24,3
41,29,3
41,35,4
41,45,3
41,34,2
41,12,2
41,14,4
41,40,4
41,48,4
41,21,4
41,23,3
41,41,2
41,44,1
42,1,5
42,11,5
42,15,1
42,28,2
42,29,3
42,45,2
42,49,1
42,50,1
42,2,2
42,18,2
42,27,1
42,36,2
42,42,2
42,6,4
42,14,4
42,20,4
42,26,1
42,33,2
42,48,1
42,13,2
42,16,2
42,23,2
42,44,1
42,5,5
42,11,5
42,17,2
42,24,1
42,29,2
42,35,1
42,45,2
42,49,1
42,2,2
42,27,1
42,42,2
42,46,2
42,3,3
42,6,4
42,25,3
42,30,2
42,48,1
42,8,3
42,16,3
42,21,1
42,44,2
42,47,2
42,11,4
42,17,2
42,24,2
42,29,2
42,35,3
42,38,2
42,45,2
42,19,3
42,31,2
42,34,1
42,36,2
42,39,3
42,42,3
42,3,4
42,20,2
42,26,1
42,30,1
42,33,2
42,4,1
42,8,3
42,9,3
42,16,2
42,21,2
42,23,2
42,32,2
42,47,2
42,1,5
42,5,3
42,11,5
42,29,2
42,38,3
42,45,2
42,2,2
42,7,3
42,10,4
42,34,2
42,36,2
42,46,3
42,3,3
42,20,4
42,26,2
42,30,2
42,33,2
42,40,3
42,43,4
42,48,3
42,8,3
42,9,2
42,21,1
42,23,2
42,41,2
42,44,4
42,47,2
43,45,2
43,20,2
43,40,3
43,43,3
43,9,1
43,5,5
43,17,1
43,28,2
43,50,1
43,27,1
43,20,4
43,43,4
43,44,1
43,15,3
43,38,2
43,12,1
43,30,2
43,43,4
43,4,1
43,8,5
43,17,2
43,31,2
43,36,1
43,25,5
43,40,4
43,43,5
43,48,3
43,13,5
43,21,2
43,32,1
44,50,2
44,6,4
44,6,5
44,30,2
44,16,3
44,21,3
44,17,4
44,45,5
44,42,2
44,21,3
44,47,3
44,3,4
44,30,2
44,9,2
45,1,4
45,17,4
45,7,3
45,10,4
45,39,4
45,40,3
45,8,4
45,9,2
45,13,2
45,21,2
45,17,3
45,28,2
45,29,2
45,50,1
45,18,3
45,22,4
45,27,1
45,14,4
45,20,4
45,26,2
45,40,3
45,48,2
45,4,1
45,9,1
45,32,2
45,37,2
45,41,3
45,5,4
45,15,1
45,24,1
45,29,3
45,49,1
45,50,1
45,2,3
45,22,5
45,3,3
45,6,5
45,12,1
45,25,3
45,30,1
45,43,4
45,48,2
45,32,2
45,5,3
45,11,5
45,15,3
45,17,2
45,35,3
45,45,4
45,10,5
45,34,2
45,42,2
45,6,5
45,12,2
45,48,4
45,13,3
45,16,2
45,21,2
45,23,2
46,5,4
46,11,5
46,15,2
46,29,3
46,35,3
46,49,1
46,10,4
46,18,4
46,19,3
46,27,1
46,31,3
46,46,3
46,3,3
46,20,3
46,25,3
46,26,2
46,33,2
46,40,3
46,48,1
46,4,2
46,8,3
46,9,3
46,21,2
46,23,2
46,37,2
46,41,4
46,47,2
46,1,4
46,11,3
46,15,2
46,17,3
46,24,1
46,29,3
46,38,3
46,45,2
46,19,4
46,22,3
46,27,1
46,31,3
46,34,3
46,42,3
46,46,2
46,3,3
46,12,2
46,25,3
46,26,2
46,33,3
46,40,4
46,48,2
46,4,1
46,13,3
46,23,2
46,32,3
46,37,1
46,41,3
46,44,2
46,1,5
46,5,3
46,11,4
46,15,2
46,28,2
46,35,4
46,38,3
46,49,3
46,2,1
46,10,4
46,22,2
46,27,2
46,31,3
46,34,3
46,46,3
46,3,3
46,12,2
46,20,3
46,25,3
46,26,2
46,30,3
46,33,2
46,40,3
46,43,4
46,9,2
46,13,3
46,23,2
46,37,2
46,41,4
46,15,3
46,24,2
46,28,2
46,2,2
46,10,4
46,22,4
46,36,1
46,42,4
46,46,4
46,6,5
46,12,2
46,14,5
46,20,4
46,26,2
46,33,2
46,43,4
46,48,4
46,8,3
46,16,3
46,21,2
46,37,2
46,41,3
46,44,4
46,47,3
47,15,2
47,45,2
47,26,3
47,5,5
47,17,4
47,29,2
47,27,2
47,31,2
47,42,1
47,48,3
47,1,5
47,11,5
47,31,2
47,3,5
47,26,3
47,30,2
47,4,1
47,8,3
47,13,3
47,37,2
47,10,4
47,33,3
47,40,3
47,48,4
47,8,3
47,21,4
47,41,3
47,44,4
48,1,3
48,5,3
48,11,3
48,15,3
48,17,3
48,24,3
48,29,3
48,35,3
48,49,3
48,50,1
48,2,2
48,7,3
48,10,3
48,18,3
48,19,3
48,22,3
48,27,1
48,31,3
48,34,2
48,36,2
48,39,3
48,46,1
48,3,2
48,12,1
48,14,3
48,20,3
48,25,3
48,26,3
48,30,3
48,40,4
48,43,2
48,48,2
48,4,1
48,8,3
48,9,4
48,13,3
48,16,2
48,21,3
48,23,3
48,32,2
48,37,3
48,41,3
48,44,2
48,47,3
48,1,3
48,5,3
48,11,3
48,15,3
48,17,3
48,24,2
48,28,3
48,29,3
48,35,1
48,38,3
48,45,3
48,49,3
48,50,1
48,2,3
48,7,2
48,10,3
48,18,3
48,19,3
48,22,3
48,27,2
48,31,3
48,34,2
48,36,2
48,39,3
48,42,2
48,46,3
48,3,3
48,6,4
48,12,1
48,14,3
48,25,3
48,26,3
48,30,3
48,33,3
48,40,3
48,43,3
48,48,3
48,4,1
48,8,3
48,9,3
48,13,3
48,16,3
48,21,3
48,23,3
48,32,3
48,37,3
48,41,3
48,44,1
48,47,2
48,1,5
48,5,5
48,11,2
48,15,3
48,17,2
48,24,2
48,28,4
48,29,4
48,35,4
48,38,4
48,45,2
48,49,2
48,50,1
48,2,3
48,7,4
48,10,3
48,18,4
48,19,4
48,22,2
48,27,2
48,31,4
48,34,2
48,36,2
48,39,4
48,42,2
48,46,4
48,3,4
48,6,4
48,12,1
48,14,4
48,20,4
48,25,5
48,26,2
48,30,4
48,33,3
48,40,4
48,43,3
48,48,2
48,4,2
48,8,4
48,9,4
48,13,4
48,16,4
48,21,2
48,23,2
48,32,2
48,37,5
48,41,3
48,44,3
48,47,3
48,1,5
48,5,5
48,11,5
48,15,2
48,17,4
48,24,3
48,28,4
48,29,3
48,35,4
48,38,4
48,45,4
48,49,2
48,50,1
48,2,2
48,7,4
48,10,5
48,18,5
48,19,4
48,22,4
48,27,2
48,31,4
48,34,1
48,36,2
48,39,4
48,42,4
48,46,3
48,3,4
48,6,5
48,12,1
48,14,4
48,20,5
48,25,5
48,26,2
48,30,4
48,33,4
48,40,4
48,43,4
48,48,5
48,4,1
48,8,5
48,9,3
48,13,3
48,16,5
48,21,2
48,23,2
48,32,3
48,37,3
48,41,3
48,44,2
48,47,2
49,5,3
49,38,3
49,2,2
49,22,4
49,34,1
49,46,1
49,3,4
49,12,2
49,20,4
49,30,3
49,40,3
49,9,3
49,21,2
49,41,3
49,44,2
49,11,3
49,15,2
49,24,1
49,45,3
49,36,2
49,39,3
49,42,1
49,6,3
49,23,1
49,44,1
49,5,4
49,11,4
49,15,2
49,24,2
49,29,2
49,38,2
49,45,3
49,49,3
49,10,3
49,36,3
49,46,3
49,12,1
49,14,4
49,26,2
49,43,3
49,21,2
49,32,1
49,44,4
49,1,5
49,11,5
49,24,2
49,38,3
49,45,4
49,2,2
49,18,4
49,19,4
49,36,2
49,42,2
49,6,5
49,14,3
49,43,3
49,4,2
49,9,2
49,41,2
49,44,1
50,2,2
50,20,5
50,7,4
50,6,4
50,44,3
50,38,3
50,45,4
50,18,3
50,21,1
50,49,2
50,27,2
50,36,1
50,39,3
50,43,4
50,9,3
51,1,5
51,15,3
51,19,3
51,31,3
51,20,4
51,26,3
51,40,3
51,9,2
51,13,3
51,17,4
51,29,3
51,7,4
51,27,2
51,33,2
51,48,3
51,44,3
51,15,3
51,38,3
51,18,3
51,27,2
51,31,3
51,3,4
51,12,2
51,30,3
51,43,4
51,5,5
51,28,3
51,49,3
51,10,3
51,27,2
51,34,2
51,36,2
51,39,2
51,33,3
51,43,4
51,48,4
51,8,3
51,21,3
51,23,2
52,47,2
52,1,5
52,29,2
52,19,2
52,48,1
52,13,3
52,24,1
52,28,2
52,29,1
52,3,4
52,32,1
52,11,5
52,45,5
52,10,4
53,1,4
53,5,3
53,11,3
53,17,2
53,24,2
53,28,2
53,29,3
53,35,2
53,49,3
53,50,1
53,7,4
53,10,4
53,18,4
53,19,3
53,22,3
53,27,1
53,31,3
53,34,3
53,36,2
53,39,3
53,42,2
53,46,2
53,3,2
53,6,4
53,12,2
53,14,3
53,20,3
53,30,1
53,40,3
53,43,3
53,48,3
53,4,2
53,8,4
53,9,3
53,13,3
53,16,2
53,21,2
53,23,1
53,32,2
53,37,2
53,41,3
53,44,3
53,47,3
53,1,5
53,11,5
53,15,2
53,17,3
53,24,2
53,28,1
53,35,2
53,38,2
53,45,5
53,49,3
53,50,1
53,2,1
53,7,5
53,10,4
53,18,4
53,19,4
53,22,4
53,27,1
53,34,5
53,36,2
53,39,3
53,46,4
53,3,3
53,6,5
53,12,1
53,14,4
53,25,3
53,26,2
53,30,2
53,33,2
53,40,3
53,43,5
53,4,1
53,8,3
53,9,2
53,13,4
53,16,2
53,21,1
53,23,2
53,32,3
53,37,2
53,41,3
53,44,3
53,47,2
53,5,3
53,15,2
53,17,2
53,24,1
53,28,1
53,29,3
53,35,4
53,38,3
53,45,4
53,49,3
53,50,1
53,2,1
53,7,4
53,10,4
53,18,4
53,19,3
53,22,3
53,27,1
53,34,2
53,36,2
53,39,3
53,42,3
53,46,3
53,6,5
53,12,1
53,14,4
53,20,4
53,25,4
53,30,3
53,33,3
53,40,4
53,43,4
53,48,2
53,9,3
53,16,2
53,21,1
53,23,2
53,32,3
53,41,3
53,44,4
53,47,1
53,1,5
53,5,3
53,11,5
53,15,2
53,17,2
53,24,1
53,28,2
53,29,3
53,35,2
53,38,3
53,45,5
53,49,3
53,50,1
53,2,2
53,7,4
53,18,4
53,19,4
53,22,5
53,27,2
53,31,4
53,34,3
53,36,1
53,39,3
53,42,4
53,46,4
53,3,2
53,6,5
53,12,2
53,14,4
53,20,4
53,25,3
53,26,3
53,30,4
53,43,5
53,48,3
53,4,2
53,9,3
53,13,4
53,16,2
53,21,1
53,23,2
53,32,2
53,37,2
53,47,2
54,17,3
54,28,2
54,49,2
54,50,2
54,7,5
54,22,5
54,34,2
54,39,3
54,42,2
54,12,1
54,14,4
54,30,2
54,33,2
54,41,3
54,47,2
54,1,5
54,15,3
54,29,3
54,35,1
54,2,3
54,7,5
54,18,3
54,19,4
54,36,2
54,39,2
54,46,3
54,3,3
54,14,5
54,30,2
54,48,2
54,9,1
54,13,4
54,21,2
54,47,1
54,28,2
54,50,2
54,18,3
54,19,4
54,39,2
54,46,4
54,3,3
54,6,5
54,20,4
54,33,2
54,48,2
54,16,3
54,44,5
54,24,1
54,29,3
54,35,2
54,49,2
54,10,4
54,18,2
54,19,2
54,27,2
54,39,3
54,3,3
54,14,4
54,30,3
54,4,2
55,5,5
55,11,5
55,15,2
55,24,4
55,29,3
55,35,5
55,50,2
55,18,4
55,19,4
55,22,4
55,27,2
55,31,5
55,34,3
55,36,2
55,39,5
55,46,5
55,3,4
55,12,4
55,20,4
55,26,4
55,30,4
55,40,4
55,43,4
55,48,4
55,4,2
55,8,3
55,9,3
55,16,3
55,21,3
55,23,2
55,37,4
55,44,4
55,11,5
55,24,2
55,28,3
55,29,4
55,38,4
55,45,4
55,49,5
55,50,1
55,7,5
55,10,5
55,18,3
55,34,5
55,36,2
55,39,4
55,6,5
55,12,5
55,20,4
55,25,4
55,26,2
55,30,3
55,33,4
55,43,5
55,48,4
55,8,4
55,9,4
55,16,3
55,21,1
55,23,3
55,44,5
55,5,5
55,15,3
55,17,3
55,35,3
55,38,4
55,45,3
55,49,3
55,2,2
55,7,5
55,10,5
55,18,4
55,22,5
55,27,2
55,31,3
55,34,4
55,36,3
55,42,4
55,3,3
55,6,5
55,12,5
55,40,5
55,43,5
55,48,5
55,9,4
55,21,3
55,23,3
55,41,4
55,44,5
55,47,3
55,1,5
55,17,5
55,28,3
55,38,4
55,49,4
55,50,1
55,7,5
55,10,5
55,18,4
55,19,5
55,22,4
55,27,4
55,31,2
55,36,4
55,39,4
55,42,4
55,46,3
55,3,3
55,6,5
55,20,5
55,25,4
55,26,2
55,30,5
55,33,4
55,43,3
55,4,2
55,8,2
55,9,4
55,13,3
55,16,4
55,32,4
55,37,3
55,47,4
56,1,5
56,5,3
56,11,4
56,15,3
56,17,3
56,24,2
56,28,2
56,29,3
56,35,3
56,38,3
56,45,2
56,49,1
56,50,1
56,2,2
56,7,4
56,10,4
56,18,4
56,19,3
56,22,3
56,27,2
56,31,3
56,34,2
56,36,2
56,39,3
56,46,2
56,3,3
56,6,4
56,12,2
56,14,4
56,20,3
56,25,3
56,26,3
56,30,3
56,33,2
56,40,3
56,43,2
56,48,2
56,4,1
56,8,4
56,9,3
56,13,4
56,16,3
56,21,2
56,23,3
56,32,2
56,37,2
56,41,3
56,44,2
56,47,2
56,1,5
56,5,3
56,11,4
56,15,3
56,17,3
56,24,1
56,28,2
56,29,3
56,35,1
56,38,3
56,45,3
56,49,1
56,50,1
56,2,2
56,7,3
56,10,4
56,18,3
56,19,4
56,22,4
56,27,2
56,31,3
56,34,2
56,36,2
56,39,3
56,42,3
56,46,3
56,3,3
56,6,4
56,12,1
56,14,4
56,20,4
56,25,3
56,26,3
56,30,3
56,33,2
56,40,3
56,43,3
56,48,2
56,4,1
56,8,3
56,9,2
56,13,3
56,16,3
56,21,2
56,23,2
56,32,3
56,37,2
56,41,4
56,44,2
56,47,1
56,1,5
56,5,3
56,11,4
56,15,2
56,17,3
56,24,1
56,28,2
56,29,3
56,35,3
56,38,3
56,45,4
56,49,2
56,50,1
56,2,3
56,7,3
56,10,4
56,18,3
56,19,4
56,22,4
56,27,2
56,31,4
56,34,2
56,36,3
56,39,3
56,42,3
56,46,3
56,3,3
56,6,5
56,12,2
56,14,4
56,20,4
56,25,3
56,26,2
56,30,3
56,33,2
56,40,3
56,43,4
56,48,2
56,4,1
56,8,3
56,9,3
56,13,3
56,16,2
56,21,2
56,23,3
56,32,3
56,37,3
56,41,3
56,44,4
56,47,2
56,1,5
56,5,4
56,11,5
56,15,2
56,17,3
56,24,2
56,28,3
56,29,3
56,35,2
56,38,3
56,45,4
56,49,2
56,50,1
56,7,3
56,10,4
56,18,3
56,19,4
56,22,4
56,27,2
56,31,3
56,34,2
56,36,2
56,39,2
56,42,3
56,46,4
56,3,3
56,6,5
56,12,2
56,14,4
56,20,4
56,25,3
56,26,3
56,30,3
56,33,3
56,40,2
56,43,5
56,48,3
56,4,1
56,8,4
56,9,3
56,13,3
56,16,3
56,21,2
56,23,3
56,32,3
56,37,3
56,41,3
56,44,3
56,47,3
57,1,5
57,11,4
57,15,2
57,35,3
57,50,1
57,18,2
57,34,3
57,6,4
57,20,3
57,26,2
57,30,2
57,40,1
57,4,2
57,8,4
57,9,1
57,13,3
57,21,2
57,23,2
57,37,2
57,41,3
57,44,1
57,11,4
57,15,2
57,17,2
57,24,2
57,28,1
57,38,3
57,45,4
57,50,1
57,22,2
57,27,1
57,6,3
57,20,4
57,26,3
57,30,2
57,4,1
57,16,3
57,21,2
57,32,2
57,41,3
57,44,3
57,5,3
57,15,2
57,17,3
57,24,2
57,29,2
57,35,2
57,38,3
57,45,3
57,49,3
57,2,2
57,22,5
57,31,3
57,34,3
57,36,1
57,42,4
57,46,3
57,12,1
57,25,2
57,30,1
57,40,3
57,43,2
57,21,1
57,23,2
57,32,3
57,44,4
57,47,3
57,1,5
57,5,3
57,11,5
57,17,3
57,24,2
57,38,3
57,45,3
57,2,2
57,18,3
57,34,4
57,36,2
57,42,4
57,46,3
57,3,4
57,6,4
57,14,4
57,20,2
57,26,1
57,30,2
57,33,3
57,43,4
57,48,3
57,4,1
57,8,3
57,9,2
57,13,4
57,16,3
57,21,2
57,23,3
57,47,2
58,1,5
58,17,3
58,29,4
58,45,2
58,49,2
58,7,4
58,10,4
58,18,4
58,27,2
58,36,2
58,14,5
58,20,4
58,40,4
58,48,3
58,9,3
58,13,4
58,16,4
58,47,3
58,1,5
58,5,4
58,11,3
58,17,3
58,24,3
58,28,2
58,35,3
58,45,4
58,49,2
58,2,3
58,7,3
58,19,4
58,22,4
58,27,2
58,31,2
58,34,4
58,42,3
58,46,4
58,3,3
58,12,1
58,14,5
58,25,5
58,40,4
58,4,1
58,8,4
58,13,3
58,32,3
58,37,3
58,41,3
58,44,2
58,1,5
58,11,3
58,15,3
58,28,2
58,35,4
58,38,3
58,50,2
58,18,4
58,12,1
58,20,5
58,25,4
58,26,3
58,30,3
58,33,3
58,43,5
58,4,2
58,8,4
58,9,2
58,13,4
58,16,3
58,23,3
58,37,3
58,41,3
58,5,5
58,15,3
58,17,2
58,29,4
58,35,4
58,49,2
58,2,2
58,7,3
58,22,4
58,27,2
58,34,2
58,36,3
58,39,3
58,12,1
58,20,5
58,26,3
58,40,4
58,43,5
58,48,3
58,13,5
58,21,2
58,23,2
58,37,2
58,41,4
58,44,3
59,5,4
59,28,2
59,35,2
59,49,1
59,18,2
59,34,2
59,36,1
59,42,2
59,46,1
59,3,4
59,14,4
59,20,2
59,30,1
59,4,1
59,16,3
59,37,1
59,47,2
59,1,4
59,11,3
59,24,1
59,35,1
59,38,2
59,45,2
59,49,1
59,2,2
59,7,4
59,19,2
59,46,3
59,3,3
59,8,2
59,13,2
59,23,1
59,44,2
59,47,1
59,28,1
59,35,2
59,38,2
59,10,3
59,18,3
59,19,3
59,39,2
59,14,4
59,20,3
59,33,1
59,40,2
59,16,3
59,23,1
59,44,2
59,29,2
59,49,1
59,7,2
59,18,2
59,27,1
59,36,2
59,39,2
59,20,3
59,26,2
59,43,4
59,4,1
60,1,5
60,17,3
60,24,1
60,28,2
60,38,3
60,45,2
60,50,1
60,7,3
60,22,2
60,36,2
60,39,2
60,42,2
60,6,4
60,12,1
60,14,4
60,13,2
60,16,3
60,32,2
60,44,1
60,5,4
60,28,1
60,35,1
60,49,2
60,50,1
60,2,1
60,7,4
60,10,3
60,18,2
60,36,1
60,39,2
60,14,3
60,20,4
60,30,1
60,8,3
60,9,1
60,16,2
60,21,2
60,47,2
60,17,3
60,24,3
60,29,4
60,50,1
60,7,4
60,18,3
60,19,4
60,36,2
60,39,3
60,42,2
60,6,5
60,48,1
60,4,1
60,8,3
60,16,2
60,32,1
60,47,1
60,1,5
60,5,5
60,11,5
60,17,3
60,29,2
60,35,2
60,38,4
60,45,5
60,49,3
60,50,1
60,7,1
60,19,3
60,27,1
60,34,3
60,39,2
60,3,4
60,30,3
60,40,3
60,13,3
60,23,2
61,5,2
61,17,3
61,45,2
61,49,2
61,50,1
61,7,2
61,10,4
61,18,2
61,19,3
61,31,2
61,34,2
61,46,1
61,3,4
61,14,5
61,20,3
61,25,3
61,30,1
61,21,4
61,47,2
61,1,5
61,5,4
61,17,4
61,28,1
61,29,1
61,35,2
61,2,3
61,7,3
61,19,3
61,27,1
61,31,1
61,34,3
61,46,4
61,3,4
61,12,1
61,14,5
61,30,2
61,33,1
61,40,5
61,48,2
61,13,2
61,16,3
61,21,3
61,23,2
61,37,1
61,44,1
61,1,5
61,5,4
61,17,1
61,24,1
61,28,3
61,29,2
61,35,3
61,38,4
61,49,2
61,50,1
61,10,4
61,18,3
61,27,1
61,42,2
61,3,4
61,20,4
61,30,2
61,33,2
61,4,2
61,8,5
61,13,4
61,16,4
61,23,2
61,32,1
61,37,2
61,41,3
61,44,2
61,47,3
61,11,5
61,15,3
61,17,3
61,28,4
61,29,3
61,35,3
61,45,5
61,49,3
61,10,5
61,18,5
61,22,3
61,27,1
61,36,2
61,39,3
61,42,2
61,3,5
61,6,5
61,12,3
61,20,5
61,26,2
61,30,3
61,40,4
61,43,5
61,48,4
61,4,2
61,13,5
61,21,4
61,37,2
62,22,5
62,12,5
62,33,2
62,47,2
62,1,5
62,29,3
62,19,3
62,36,2
62,39,3
62,48,2
62,13,4
62,28,3
62,3,3
62,10,4
62,19,3
63,21,1
63,42,2
63,5,4
63,11,4
63,24,1
63,29,1
63,49,3
63,26,3
63,32,1
63,45,4
63,42,2
63,6,5
63,41,2
63,44,4
